{
  "method": "expanded_shared_20260114_172936_scored",
  "n": 150,
  "lex_thr": 0.2594670355319977,
  "sem_thr": 0.47230979800224304,
  "overall_hit_rate": 0.0
}